ticker,company_name
FLT.AX,Flight Centre Travel Group Ltd
RWC.AX,Reliance Worldwide Corporation Ltd
ORA.AX,Orora Ltd
PXA.AX,PEXA Group Ltd
VGN.AX,Virgin Australia Holdings Ltd
DBI.AX,Dalrymple Bay Infrastructure Ltd
ASB.AX,Austal Ltd
CTD.AX,Corporate Travel Management Ltd
PMV.AX,Premier Investments Ltd
4DX.AX,4DMedical Ltd
EVT.AX,EVT Ltd
ARB.AX,ARB Corporation Ltd
GYG.AX,Guzman Y Gomez Ltd
DMP.AX,Domino's Pizza Enterprises Ltd
TAH.AX,Tabcorp Holdings Ltd
MP1.AX,Megaport Ltd
REG.AX,Regis Healthcare Ltd
BGA.AX,Bega Cheese Ltd
DDR.AX,Dicker Data Ltd
SLX.AX,Silex Systems Ltd
SRG.AX,SRG Global Ltd
MAD.AX,Mader Group Ltd
NEC.AX,Nine Entertainment Co Holdings Ltd
MAQ.AX,Macquarie Technology Group Ltd
NEU.AX,Neuren Pharmaceuticals Ltd
NCK.AX,Nick Scali Ltd
MGH.AX,MAAS Group Holdings Ltd
CBO.AX,Cobram Estate Olives Ltd
ELD.AX,Elders Ltd
SNL.AX,Supply Network Ltd
IEL.AX,IDP Education Ltd
PYC.AX,PYC Therapeutics Ltd
DTL.AX,Data#3 Ltd
EOS.AX,Electro Optic Systems Holdings Ltd
RDX.AX,Redox Ltd
OCL.AX,Objective Corporation Ltd
CU6.AX,Clarity Pharmaceuticals Ltd
IRE.AX,Iress Ltd
GNC.AX,Graincorp Ltd
WEB.AX,Web Travel Group Ltd
GNP.AX,GenusPlus Group Ltd
CKF.AX,Collins Foods Ltd
SIQ.AX,Smartgroup Corporation Ltd
AOV.AX,Amotiv Ltd
RUL.AX,RPMGlobal Holdings Ltd
NAN.AX,Nanosonics Ltd
KLS.AX,Kelsian Group Ltd
SDR.AX,Siteminder Ltd
CAT.AX,Catapult Sports Ltd
WBT.AX,Weebit Nano Ltd
TEA.AX,Tasmea Ltd
TPW.AX,Temple & Webster Group Ltd
SGLLV.AX,Ricegrowers Ltd
RIC.AX,Ridley Corporation Ltd
BVS.AX,Bravura Solutions Ltd
IDX.AX,Integral Diagnostics Ltd
HSN.AX,Hansen Technologies Ltd
ING.AX,Inghams Group Ltd
IPH.AX,IPH Ltd
PWH.AX,Pwr Holdings Ltd
GNG.AX,GR Engineering Services Ltd
OPT.AX,Opthea Ltd
AAC.AX,Australian Agricultural Company Ltd
ELS.AX,Elsight Ltd
CCL.AX,Cuscal Ltd
SGR.AX,Star Entertainment Group Ltd
SXE.AX,Southern Cross Electrical Engineering Ltd
WGN.AX,Wagners Holding Company Ltd
FCL.AX,FINEOS Corporation Holdings PLC
SYL.AX,Symal Group Ltd
EHL.AX,Emeco Holdings Ltd
ASG.AX,Autosports Group Ltd
PFP.AX,Propel Funeral Partners Ltd
GWA.AX,GWA Group Ltd
PNV.AX,Polynovo Ltd
IMR.AX,Imricor Medical Systems Inc
MYR.AX,Myer Holdings Ltd
UNI.AX,Universal Store Holdings Ltd
JIN.AX,Jumbo Interactive Ltd
HLS.AX,Healius Ltd
LYL.AX,Lycopodium Ltd
CUV.AX,Clinuvel Pharmaceuticals Ltd
BLX.AX,Beacon Lighting Group Ltd
SPZ.AX,Smart Parking Ltd
BAP.AX,Bapcor Ltd
DUR.AX,Duratec Ltd
AYUPA.AX,Australian Unity Ltd
OML.AX,oOh!media Ltd
IMM.AX,Immutep Ltd
FPR.AX,Fleetpartners Group Ltd
SHV.AX,Select Harvests Ltd
SHA.AX,SHAPE Australia Corp Ltd
AX1.AX,Accent Group Ltd
TYR.AX,Tyro Payments Ltd
AYA.AX,Artrya Ltd
IGL.AX,IVE Group Ltd
KSC.AX,K&S Corporation Ltd
IPG.AX,IPD Group Ltd
NXL.AX,Nuix Ltd
SKS.AX,SKS Technologies Group Ltd
EOL.AX,Energy One Ltd
ACL.AX,Australian Clinical Labs Ltd
APX.AX,Appen Ltd
RAC.AX,Racura Oncology Ltd
QOR.AX,Qoria Ltd
EIQ.AX,EchoIQ Ltd
CGS.AX,CogState Ltd
GEM.AX,G8 Education Ltd
AGI.AX,Ainsworth Game Technology Ltd
AMA.AX,AMA Group Ltd
EBR.AX,EBR Systems Inc
PGC.AX,Paragon Care Ltd
SST.AX,Steamships Trading Company Ltd
TTT.AX,Titomic Ltd
ADH.AX,Adairs Ltd
BBN.AX,Baby Bunting Group Ltd
KPG.AX,Kelly Partners Group Holdings Ltd
SXL.AX,Southern Cross Media Group Ltd
PBH.AX,Pointsbet Holdings Ltd
BRN.AX,BrainChip Holdings Ltd
KGN.AX,Kogan.com Ltd
AD8.AX,Audinate Group Ltd
HLO.AX,Helloworld Travel Ltd
ACE.AX,Acusensus Ltd
EML.AX,EML Payments Ltd
DXB.AX,Dimerix Ltd
XRF.AX,XRF Scientific Ltd
PWR.AX,Peter Warren Automotive Holdings Ltd
NVX.AX,NOVONIX Ltd
BBT.AX,betr Entertainment Ltd
MYG.AX,Mayfield Group Holdings Ltd
WRK.AX,Wrkr Ltd
MVF.AX,Monash IVF Group Ltd
IMB.AX,Intelligent Monitoring Group Ltd
3DA.AX,Amaero Ltd
SFC.AX,Schaffer Corporation Ltd
LAU.AX,Lindsay Australia Ltd
OCC.AX,Orthocell Ltd
FWD.AX,Fleetwood Ltd
DUG.AX,DUG Technology Ltd
ARX.AX,Aroa Biosurgery Ltd
CCV.AX,Cash Converters International Ltd
LDX.AX,Lumos Diagnostics Holdings Ltd
CEH.AX,Coast Entertainment Holdings Ltd
ATA.AX,Atturra Ltd
WJL.AX,Webjet Group Ltd
WJL.AX,
